{"cameraMode":{"drawMode":0,"name":"Shaded","section":"Shading Mode"},"sceneLighting":true,"audioPlay":false,"sceneViewState":{"showFog":true,"showMaterialUpdate":false,"showSkybox":true,"showFlares":true,"showImageEffects":true,"showParticleSystems":true},"in2DMode":false,"pivot":{"x":462.708251953125,"y":208.51080322265626,"z":-246.4137725830078},"rotation":{"x":-0.19475862383842469,"y":0.2744618058204651,"z":-0.05686847120523453,"w":-0.9399513602256775},"size":117.33464050292969,"orthographic":false}